-- phpMyAdmin SQL Dump
-- version 5.2.1
-- https://www.phpmyadmin.net/
--
-- Anamakine: 127.0.0.1:3306
-- Üretim Zamanı: 03 Oca 2025, 18:42:14
-- Sunucu sürümü: 9.1.0
-- PHP Sürümü: 8.3.14

SET SQL_MODE = "NO_AUTO_VALUE_ON_ZERO";
START TRANSACTION;
SET time_zone = "+00:00";


/*!40101 SET @OLD_CHARACTER_SET_CLIENT=@@CHARACTER_SET_CLIENT */;
/*!40101 SET @OLD_CHARACTER_SET_RESULTS=@@CHARACTER_SET_RESULTS */;
/*!40101 SET @OLD_COLLATION_CONNECTION=@@COLLATION_CONNECTION */;
/*!40101 SET NAMES utf8mb4 */;

--
-- Veritabanı: `maymun_cicegi_kds`
--

DELIMITER $$
--
-- Yordamlar
--
DROP PROCEDURE IF EXISTS `bolgesel_veriler`$$
CREATE DEFINER=`root`@`localhost` PROCEDURE `bolgesel_veriler` (IN `yil` INT, IN `ay` INT)   BEGIN
    SELECT 
        b.bolge_adi AS bolge,
        SUM(v.vaka_sayisi) AS toplam_vaka,
        SUM(v.olum_sayisi) AS toplam_olum,
        SUM(v.karantina_kapasitesi) AS toplam_kapasite,
        SUM(v.ilac_miktari) AS toplam_ilac
    FROM vakalar v
    JOIN sehirler s ON v.il_id = s.il_id
    JOIN bolgeler b ON s.bolge_id = b.bolge_id
    JOIN tarih t ON v.tarih_id = t.tarih_id
    WHERE t.yil = yil AND t.ay = ay
    GROUP BY b.bolge_adi;
END$$

DROP PROCEDURE IF EXISTS `genel_bilgiler`$$
CREATE DEFINER=`root`@`localhost` PROCEDURE `genel_bilgiler` (IN `yil` INT, IN `ay` INT)   BEGIN
    SELECT 
        SUM(v.vaka_sayisi) AS toplam_vaka,
        SUM(v.olum_sayisi) AS toplam_olum,
        SUM(v.karantina_kapasitesi) AS toplam_karantina,
        SUM(v.ilac_miktari) AS toplam_ilac
    FROM vakalar v
    JOIN tarih t ON v.tarih_id = t.tarih_id
    WHERE t.yil = yil AND t.ay = ay;
END$$

DROP PROCEDURE IF EXISTS `genel_sorgu`$$
CREATE DEFINER=`root`@`localhost` PROCEDURE `genel_sorgu` (IN `il` VARCHAR(255), IN `bolge` VARCHAR(255), IN `yil` INT, IN `ay` INT)   BEGIN
    SELECT 
        s.il_adi,
        b.bolge_adi,
        SUM(v.vaka_sayisi) AS toplam_vaka,
        SUM(v.olum_sayisi) AS toplam_olum,
        SUM(v.karantina_kapasitesi) AS toplam_kapasite,
        SUM(v.ilac_miktari) AS toplam_ilac
    FROM vakalar v
    JOIN sehirler s ON v.il_id = s.il_id
    JOIN bolgeler b ON s.bolge_id = b.bolge_id
    JOIN tarih t ON v.tarih_id = t.tarih_id
    WHERE (il IS NULL OR s.il_adi = il)
      AND (bolge IS NULL OR b.bolge_adi = bolge)
      AND (yil IS NULL OR t.yil = yil)
      AND (ay IS NULL OR t.ay = ay)
    GROUP BY s.il_id, b.bolge_adi;
END$$

DROP PROCEDURE IF EXISTS `grafik_degisim`$$
CREATE DEFINER=`root`@`localhost` PROCEDURE `grafik_degisim` (IN `yil` INT)   BEGIN
    SELECT 
        t.ay,
        SUM(v.vaka_sayisi) - LAG(SUM(v.vaka_sayisi)) OVER (ORDER BY t.ay) AS vaka_degisim,
        SUM(v.olum_sayisi) - LAG(SUM(v.olum_sayisi)) OVER (ORDER BY t.ay) AS olum_degisim,
        SUM(v.karantina_kapasitesi) - LAG(SUM(v.karantina_kapasitesi)) OVER (ORDER BY t.ay) AS kapasite_degisim,
        SUM(v.ilac_miktari) - LAG(SUM(v.ilac_miktari)) OVER (ORDER BY t.ay) AS ilac_degisim
    FROM vakalar v
    JOIN tarih t ON v.tarih_id = t.tarih_id
    WHERE t.yil = yil
    GROUP BY t.ay
    ORDER BY t.ay;
END$$

DROP PROCEDURE IF EXISTS `iller`$$
CREATE DEFINER=`root`@`localhost` PROCEDURE `iller` ()   BEGIN
    SELECT il_id, il_adi
    FROM sehirler
    ORDER BY il_adi;
END$$

DROP PROCEDURE IF EXISTS `iller_trendi`$$
CREATE DEFINER=`root`@`localhost` PROCEDURE `iller_trendi` (IN `il` VARCHAR(255), IN `yil` INT)   BEGIN
    SELECT 
        t.ay,
        SUM(v.vaka_sayisi) AS toplam_vaka,
        SUM(v.olum_sayisi) AS toplam_olum,
        SUM(v.karantina_kapasitesi) AS toplam_kapasite,
        SUM(v.ilac_miktari) AS toplam_ilac
    FROM vakalar v
    JOIN sehirler s ON v.il_id = s.il_id
    JOIN tarih t ON v.tarih_id = t.tarih_id
    WHERE s.il_adi = il AND t.yil = yil
    GROUP BY t.ay
    ORDER BY t.ay;
END$$

DROP PROCEDURE IF EXISTS `il_genel_harita`$$
CREATE DEFINER=`root`@`localhost` PROCEDURE `il_genel_harita` (IN `yil` INT, IN `ay` INT)   BEGIN
    SELECT 
        s.il_adi AS sehir,
        s.latitude,
        s.longitude,
        SUM(v.vaka_sayisi) AS vaka_sayisi,
        SUM(v.olum_sayisi) AS olum_sayisi,
        SUM(v.karantina_kapasitesi) AS kapasite,
        SUM(v.ilac_miktari) AS ilac
    FROM vakalar v
    JOIN sehirler s ON v.il_id = s.il_id
    JOIN tarih t ON v.tarih_id = t.tarih_id
    WHERE t.yil = yil AND t.ay = ay
    GROUP BY s.il_id;
END$$

DROP PROCEDURE IF EXISTS `login_kontrol`$$
CREATE DEFINER=`root`@`localhost` PROCEDURE `login_kontrol` (IN `username` VARCHAR(255), IN `password` VARCHAR(255))   BEGIN
    SELECT * 
    FROM admin 
    WHERE username = username AND password = password;
END$$

DROP PROCEDURE IF EXISTS `sehirler_konum`$$
CREATE DEFINER=`root`@`localhost` PROCEDURE `sehirler_konum` ()   BEGIN
    SELECT il_adi, latitude, longitude 
    FROM sehirler;
END$$

DROP PROCEDURE IF EXISTS `tahmin_veri`$$
CREATE DEFINER=`root`@`localhost` PROCEDURE `tahmin_veri` ()   BEGIN
    SELECT 
        t.yil,
        t.ay,
        b.bolge_adi,
        COALESCE(SUM(v.vaka_sayisi), 0) AS toplam_vaka
    FROM vakalar v
    JOIN tarih t ON v.tarih_id = t.tarih_id
    JOIN sehirler s ON v.il_id = s.il_id
    JOIN bolgeler b ON s.bolge_id = b.bolge_id
    WHERE t.yil < 2025
    GROUP BY t.yil, t.ay, b.bolge_adi
    ORDER BY b.bolge_adi, t.yil, t.ay;
END$$

DELIMITER ;

-- --------------------------------------------------------

--
-- Tablo için tablo yapısı `admin`
--

DROP TABLE IF EXISTS `admin`;
CREATE TABLE IF NOT EXISTS `admin` (
  `id` int NOT NULL AUTO_INCREMENT,
  `username` varchar(50) NOT NULL,
  `password` varchar(255) NOT NULL,
  PRIMARY KEY (`id`),
  UNIQUE KEY `username` (`username`)
) ENGINE=InnoDB AUTO_INCREMENT=2 DEFAULT CHARSET=utf8mb4 COLLATE=utf8mb4_0900_ai_ci;

--
-- Tablo döküm verisi `admin`
--

INSERT INTO `admin` (`id`, `username`, `password`) VALUES
(1, 'admin', 'admin');

-- --------------------------------------------------------

--
-- Tablo için tablo yapısı `bolgeler`
--

DROP TABLE IF EXISTS `bolgeler`;
CREATE TABLE IF NOT EXISTS `bolgeler` (
  `bolge_id` int NOT NULL AUTO_INCREMENT,
  `bolge_adi` varchar(255) NOT NULL,
  PRIMARY KEY (`bolge_id`)
) ENGINE=InnoDB AUTO_INCREMENT=8 DEFAULT CHARSET=utf8mb4 COLLATE=utf8mb4_0900_ai_ci;

--
-- Tablo döküm verisi `bolgeler`
--

INSERT INTO `bolgeler` (`bolge_id`, `bolge_adi`) VALUES
(1, 'Akdeniz Bolgesi'),
(2, 'Dogu Anadolu Bolgesi'),
(3, 'Ege Bolgesi'),
(4, 'Guneydogu Anadolu Bolgesi'),
(5, 'Ic Anadolu Bolgesi'),
(6, 'Karadeniz Bolgesi'),
(7, 'Marmara Bolgesi');

-- --------------------------------------------------------

--
-- Tablo için tablo yapısı `sehirler`
--

DROP TABLE IF EXISTS `sehirler`;
CREATE TABLE IF NOT EXISTS `sehirler` (
  `il_id` int NOT NULL AUTO_INCREMENT,
  `il_adi` varchar(255) NOT NULL,
  `bolge_id` int NOT NULL,
  `latitude` decimal(10,8) DEFAULT NULL,
  `longitude` decimal(11,8) DEFAULT NULL,
  PRIMARY KEY (`il_id`),
  KEY `region_id` (`bolge_id`)
) ENGINE=InnoDB AUTO_INCREMENT=82 DEFAULT CHARSET=utf8mb4 COLLATE=utf8mb4_0900_ai_ci;

--
-- Tablo döküm verisi `sehirler`
--

INSERT INTO `sehirler` (`il_id`, `il_adi`, `bolge_id`, `latitude`, `longitude`) VALUES
(1, 'Adana', 1, 36.98636000, 35.32528600),
(2, 'Adıyaman', 4, 37.76029800, 38.27729900),
(3, 'Afyonkarahisar', 3, 38.75686000, 30.53870400),
(4, 'Ağrı', 2, 39.71912500, 43.05048900),
(5, 'Amasya', 6, 40.65032500, 35.83291500),
(6, 'Ankara', 5, 39.92077600, 32.85405000),
(7, 'Antalya', 1, 36.88657300, 30.70302400),
(8, 'Artvin', 6, 41.18308100, 41.82874500),
(9, 'Aydın', 3, 37.84837700, 27.84358800),
(10, 'Balıkesir', 7, 39.64739200, 27.88797900),
(11, 'Bilecik', 7, 40.14351000, 29.97529100),
(12, 'Bingöl', 2, 38.88612700, 40.49723300),
(13, 'Bitlis', 2, 38.40205400, 42.10845700),
(14, 'Bolu', 6, 40.73329500, 31.61104800),
(15, 'Burdur', 1, 37.72483900, 30.28872900),
(16, 'Bursa', 7, 40.18273700, 29.06754800),
(17, 'Çanakkale', 7, 40.14627100, 26.40288900),
(18, 'Çankırı', 5, 40.59719500, 33.62127000),
(19, 'Çorum', 6, 40.54987600, 34.95373600),
(20, 'Denizli', 3, 37.78278700, 29.09664800),
(21, 'Diyarbakır', 4, 37.91622200, 40.23635400),
(22, 'Edirne', 7, 41.67593300, 26.55872200),
(23, 'Elazığ', 2, 38.67471600, 39.22271300),
(24, 'Erzincan', 2, 39.74675500, 39.49103000),
(25, 'Erzurum', 2, 39.90632000, 41.27277100),
(26, 'Eskişehir', 5, 39.77439400, 30.51911600),
(27, 'Gaziantep', 4, 37.06283200, 37.37926200),
(28, 'Giresun', 6, 40.91744500, 38.38478600),
(29, 'Gümüşhane', 6, 40.46178400, 39.47573400),
(30, 'Hakkari', 2, 37.57669600, 43.73778600),
(31, 'Hatay', 1, 36.20254700, 36.16029100),
(32, 'Isparta', 1, 37.77095500, 30.55129300),
(33, 'Mersin', 1, 36.79783800, 34.62983900),
(34, 'İstanbul', 7, 41.00638100, 28.97587200),
(35, 'İzmir', 3, 38.42374300, 27.14280200),
(36, 'Kars', 2, 40.60767500, 43.09485000),
(37, 'Kastamonu', 6, 41.37653600, 33.77700900),
(38, 'Kayseri', 5, 38.72190100, 35.48732100),
(39, 'Kırklareli', 7, 41.73702200, 27.22355200),
(40, 'Kırşehir', 5, 39.14611400, 34.16055900),
(41, 'Kocaeli', 7, 40.76538900, 29.94073600),
(42, 'Konya', 5, 37.87273400, 32.49243800),
(43, 'Kütahya', 3, 39.41991100, 29.98578900),
(44, 'Malatya', 2, 38.34871500, 38.31906700),
(45, 'Manisa', 3, 38.61257900, 27.43339700),
(46, 'Kahramanmaraş', 1, 37.58127400, 36.92750900),
(47, 'Mardin', 4, 37.31325800, 40.73543800),
(48, 'Muğla', 3, 37.21512000, 28.36369100),
(49, 'Muş', 2, 38.73222200, 41.48989300),
(50, 'Nevşehir', 5, 38.62503900, 34.71506900),
(51, 'Niğde', 5, 37.96984900, 34.67644900),
(52, 'Ordu', 6, 40.98523000, 37.87977300),
(53, 'Rize', 6, 41.02482500, 40.51991400),
(54, 'Sakarya', 7, 40.77262900, 30.40385800),
(55, 'Samsun', 6, 41.29461500, 36.33206000),
(56, 'Siirt', 4, 37.92736200, 41.94218000),
(57, 'Sinop', 6, 42.02658000, 35.15115100),
(58, 'Sivas', 5, 39.75035700, 37.01451700),
(59, 'Tekirdağ', 7, 40.97812100, 27.51078000),
(60, 'Tokat', 6, 40.32335300, 36.55216200),
(61, 'Trabzon', 6, 41.00546000, 39.73014600),
(62, 'Tunceli', 2, 39.10606400, 39.54826900),
(63, 'Şanlıurfa', 4, 37.15962400, 38.79192900),
(64, 'Uşak', 3, 38.67404000, 29.40584200),
(65, 'Van', 2, 38.50087500, 43.39460500),
(66, 'Yozgat', 5, 39.82219700, 34.80809700),
(67, 'Zonguldak', 6, 41.45069800, 31.79198700),
(68, 'Aksaray', 5, 38.37054200, 34.02690700),
(69, 'Bayburt', 6, 40.25516100, 40.22050400),
(70, 'Karaman', 5, 37.18085000, 33.21945500),
(71, 'Kırıkkale', 5, 39.84104800, 33.50585400),
(72, 'Batman', 4, 37.88357400, 41.12775600),
(73, 'Şırnak', 4, 37.52195800, 42.45703100),
(74, 'Bartın', 6, 41.63504600, 32.33662100),
(75, 'Ardahan', 2, 41.11029700, 42.70355800),
(76, 'Iğdır', 2, 39.92187800, 44.04679600),
(77, 'Yalova', 7, 40.65825300, 29.26999200),
(78, 'Karabük', 6, 41.19554000, 32.62311500),
(79, 'Kilis', 4, 36.71655500, 37.11460700),
(80, 'Osmaniye', 1, 37.07335900, 36.25076700),
(81, 'Düzce', 6, 40.83915300, 31.15953600);

-- --------------------------------------------------------

--
-- Tablo için tablo yapısı `tarih`
--

DROP TABLE IF EXISTS `tarih`;
CREATE TABLE IF NOT EXISTS `tarih` (
  `tarih_id` int NOT NULL AUTO_INCREMENT,
  `yil` int NOT NULL,
  `ay` int NOT NULL,
  PRIMARY KEY (`tarih_id`),
  UNIQUE KEY `yil` (`yil`,`ay`)
) ENGINE=InnoDB AUTO_INCREMENT=76 DEFAULT CHARSET=utf8mb4 COLLATE=utf8mb4_0900_ai_ci;

--
-- Tablo döküm verisi `tarih`
--

INSERT INTO `tarih` (`tarih_id`, `yil`, `ay`) VALUES
(25, 2024, 1),
(26, 2024, 2),
(27, 2024, 3),
(28, 2024, 4),
(29, 2024, 5),
(30, 2024, 6),
(31, 2024, 7),
(32, 2024, 8),
(33, 2024, 9),
(34, 2024, 10),
(35, 2024, 11),
(36, 2024, 12),
(64, 2025, 1),
(65, 2025, 2),
(66, 2025, 3),
(67, 2025, 4),
(68, 2025, 5),
(69, 2025, 6),
(70, 2025, 7),
(71, 2025, 8),
(72, 2025, 9),
(73, 2025, 10),
(74, 2025, 11),
(75, 2025, 12);

-- --------------------------------------------------------

--
-- Tablo için tablo yapısı `vakalar`
--

DROP TABLE IF EXISTS `vakalar`;
CREATE TABLE IF NOT EXISTS `vakalar` (
  `il_id` int NOT NULL,
  `tarih_id` int NOT NULL,
  `vaka_sayisi` int NOT NULL,
  `olum_sayisi` int NOT NULL,
  `karantina_kapasitesi` int NOT NULL,
  `ilac_miktari` int DEFAULT '0',
  PRIMARY KEY (`il_id`,`tarih_id`),
  KEY `fk_vakalar_tarih` (`tarih_id`)
) ENGINE=InnoDB DEFAULT CHARSET=utf8mb4 COLLATE=utf8mb4_0900_ai_ci;

--
-- Tablo döküm verisi `vakalar`
--

INSERT INTO `vakalar` (`il_id`, `tarih_id`, `vaka_sayisi`, `olum_sayisi`, `karantina_kapasitesi`, `ilac_miktari`) VALUES
(1, 25, 1000, 167, 398, 1202),
(1, 26, 1123, 195, 524, 1490),
(1, 27, 1428, 70, 1196, 1465),
(1, 28, 1571, 479, 1397, 1809),
(1, 29, 1474, 230, 1229, 1739),
(1, 30, 1318, 194, 529, 1902),
(1, 31, 1194, 293, 962, 1406),
(1, 32, 1234, 206, 1140, 1306),
(1, 33, 1321, 105, 398, 1661),
(1, 34, 1504, 264, 1258, 1672),
(1, 35, 1789, 571, 1034, 2302),
(1, 36, 2041, 304, 1795, 2244),
(2, 25, 1000, 68, 763, 1137),
(2, 26, 1156, 199, 1014, 1604),
(2, 27, 1364, 51, 1361, 1400),
(2, 28, 1524, 382, 698, 2237),
(2, 29, 1449, 319, 862, 1826),
(2, 30, 1352, 40, 679, 1890),
(2, 31, 1213, 83, 517, 1467),
(2, 32, 1230, 284, 397, 1664),
(2, 33, 1293, 39, 1079, 1468),
(2, 34, 1489, 58, 752, 1664),
(2, 35, 1761, 148, 917, 2081),
(2, 36, 2119, 602, 1673, 2241),
(3, 25, 1000, 248, 485, 1242),
(3, 26, 1124, 74, 624, 1165),
(3, 27, 1376, 229, 1406, 2006),
(3, 28, 1557, 489, 1156, 1834),
(3, 29, 1449, 217, 504, 1472),
(3, 30, 1307, 116, 1061, 1367),
(3, 31, 1203, 331, 378, 1423),
(3, 32, 1223, 231, 534, 1559),
(3, 33, 1286, 127, 1211, 1706),
(3, 34, 1468, 303, 1023, 1923),
(3, 35, 1684, 198, 606, 1800),
(3, 36, 2118, 524, 2139, 2998),
(4, 25, 1000, 265, 468, 1369),
(4, 26, 1172, 306, 717, 1290),
(4, 27, 1430, 275, 794, 1993),
(4, 28, 1542, 243, 989, 1802),
(4, 29, 1479, 283, 651, 1716),
(4, 30, 1326, 216, 1031, 1719),
(4, 31, 1216, 271, 811, 1217),
(4, 32, 1212, 367, 852, 1353),
(4, 33, 1325, 299, 546, 1430),
(4, 34, 1441, 289, 652, 1510),
(4, 35, 1688, 517, 1228, 1688),
(4, 36, 2070, 643, 783, 2810),
(5, 25, 1000, 313, 1008, 1288),
(5, 26, 1134, 353, 462, 1548),
(5, 27, 1413, 423, 443, 2067),
(5, 28, 1573, 382, 1329, 1916),
(5, 29, 1431, 423, 834, 1721),
(5, 30, 1347, 174, 1185, 1828),
(5, 31, 1171, 46, 878, 1382),
(5, 32, 1235, 112, 1000, 1640),
(5, 33, 1319, 413, 922, 1448),
(5, 34, 1483, 109, 1134, 1495),
(5, 35, 1830, 563, 1150, 2280),
(5, 36, 2192, 215, 1202, 2642),
(6, 25, 1000, 147, 556, 1288),
(6, 26, 1188, 146, 990, 1574),
(6, 27, 1381, 211, 829, 1742),
(6, 28, 1575, 117, 1576, 2100),
(6, 29, 1435, 277, 722, 1980),
(6, 30, 1302, 161, 1057, 1824),
(6, 31, 1213, 385, 790, 1657),
(6, 32, 1225, 363, 638, 1378),
(6, 33, 1327, 280, 466, 1365),
(6, 34, 1495, 218, 1036, 1894),
(6, 35, 1692, 129, 866, 2112),
(6, 36, 2045, 458, 2001, 2945),
(7, 25, 1000, 270, 658, 1457),
(7, 26, 1159, 68, 992, 1696),
(7, 27, 1374, 89, 557, 1988),
(7, 28, 1545, 197, 1173, 2077),
(7, 29, 1427, 174, 970, 1971),
(7, 30, 1318, 274, 1082, 1808),
(7, 31, 1177, 63, 1135, 1431),
(7, 32, 1252, 279, 576, 1831),
(7, 33, 1306, 44, 923, 1522),
(7, 34, 1480, 118, 1561, 2133),
(7, 35, 1761, 489, 795, 2131),
(7, 36, 2157, 495, 850, 2645),
(8, 25, 1000, 294, 315, 1500),
(8, 26, 1129, 184, 1010, 1492),
(8, 27, 1331, 283, 1101, 1475),
(8, 28, 1554, 396, 548, 1673),
(8, 29, 1452, 458, 844, 1538),
(8, 30, 1312, 252, 981, 1398),
(8, 31, 1157, 339, 1034, 1332),
(8, 32, 1212, 328, 396, 1285),
(8, 33, 1281, 196, 1349, 1725),
(8, 34, 1490, 348, 1168, 1569),
(8, 35, 1697, 150, 783, 2078),
(8, 36, 2101, 45, 954, 3076),
(9, 25, 1000, 122, 586, 1147),
(9, 26, 1102, 247, 515, 1480),
(9, 27, 1398, 189, 1510, 1779),
(9, 28, 1526, 435, 762, 2035),
(9, 29, 1502, 149, 832, 2028),
(9, 30, 1314, 289, 1279, 1644),
(9, 31, 1172, 215, 592, 1410),
(9, 32, 1268, 300, 1149, 1603),
(9, 33, 1315, 410, 412, 1594),
(9, 34, 1468, 337, 1391, 1861),
(9, 35, 1770, 342, 1947, 2129),
(9, 36, 2085, 537, 1577, 2525),
(10, 25, 1000, 88, 983, 1446),
(10, 26, 1113, 276, 827, 1220),
(10, 27, 1378, 74, 646, 1578),
(10, 28, 1516, 162, 932, 2175),
(10, 29, 1442, 76, 818, 1789),
(10, 30, 1299, 289, 898, 1814),
(10, 31, 1182, 41, 774, 1492),
(10, 32, 1240, 107, 1116, 1390),
(10, 33, 1315, 403, 837, 1734),
(10, 34, 1411, 74, 1385, 1738),
(10, 35, 1728, 389, 1900, 2076),
(10, 36, 2079, 97, 1354, 2726),
(11, 25, 1000, 138, 458, 1452),
(11, 26, 1181, 271, 990, 1565),
(11, 27, 1436, 165, 1314, 1824),
(11, 28, 1542, 253, 1481, 2121),
(11, 29, 1489, 235, 1426, 1590),
(11, 30, 1303, 360, 1051, 1580),
(11, 31, 1216, 349, 1044, 1654),
(11, 32, 1213, 346, 939, 1408),
(11, 33, 1332, 330, 1327, 1633),
(11, 34, 1510, 93, 1144, 1733),
(11, 35, 1740, 251, 869, 1842),
(11, 36, 2088, 454, 1513, 2821),
(12, 25, 1000, 34, 1024, 1078),
(12, 26, 1180, 117, 1238, 1580),
(12, 27, 1413, 105, 1512, 2065),
(12, 28, 1548, 80, 472, 1994),
(12, 29, 1494, 472, 617, 1578),
(12, 30, 1340, 274, 1141, 1898),
(12, 31, 1180, 64, 375, 1670),
(12, 32, 1237, 296, 414, 1643),
(12, 33, 1296, 146, 543, 1805),
(12, 34, 1474, 188, 1166, 2179),
(12, 35, 1797, 498, 1437, 2185),
(12, 36, 2038, 170, 1067, 2329),
(13, 25, 1000, 167, 719, 1066),
(13, 26, 1133, 298, 1046, 1588),
(13, 27, 1349, 262, 755, 1766),
(13, 28, 1527, 250, 807, 2051),
(13, 29, 1477, 317, 982, 1901),
(13, 30, 1348, 352, 862, 1894),
(13, 31, 1189, 52, 1071, 1385),
(13, 32, 1212, 381, 831, 1345),
(13, 33, 1310, 288, 559, 1383),
(13, 34, 1413, 191, 814, 2044),
(13, 35, 1784, 530, 895, 1902),
(13, 36, 2035, 326, 977, 3035),
(14, 25, 1000, 190, 596, 1259),
(14, 26, 1149, 171, 503, 1515),
(14, 27, 1335, 208, 1202, 1760),
(14, 28, 1522, 472, 747, 1726),
(14, 29, 1477, 244, 1553, 1795),
(14, 30, 1333, 233, 1448, 1566),
(14, 31, 1187, 70, 447, 1457),
(14, 32, 1245, 61, 903, 1385),
(14, 33, 1294, 63, 770, 1788),
(14, 34, 1406, 107, 702, 1504),
(14, 35, 1709, 366, 701, 2056),
(14, 36, 2167, 486, 2286, 2834),
(15, 25, 1000, 157, 544, 1429),
(15, 26, 1158, 110, 991, 1415),
(15, 27, 1368, 385, 1023, 1811),
(15, 28, 1531, 311, 1333, 2226),
(15, 29, 1494, 228, 1511, 1938),
(15, 30, 1292, 171, 702, 1451),
(15, 31, 1156, 212, 1137, 1414),
(15, 32, 1229, 248, 722, 1535),
(15, 33, 1304, 182, 634, 1402),
(15, 34, 1488, 104, 546, 1677),
(15, 35, 1823, 388, 1602, 2573),
(15, 36, 2129, 496, 1261, 2503),
(16, 25, 1000, 206, 825, 1143),
(16, 26, 1130, 352, 509, 1345),
(16, 27, 1396, 30, 1499, 1426),
(16, 28, 1530, 77, 794, 1584),
(16, 29, 1477, 248, 994, 1642),
(16, 30, 1284, 90, 909, 1866),
(16, 31, 1159, 145, 488, 1657),
(16, 32, 1250, 119, 603, 1613),
(16, 33, 1306, 107, 1110, 1517),
(16, 34, 1492, 154, 1344, 2147),
(16, 35, 1679, 420, 1436, 2028),
(16, 36, 2167, 48, 1026, 2652),
(17, 25, 1000, 239, 301, 1495),
(17, 26, 1116, 232, 652, 1453),
(17, 27, 1357, 412, 1244, 1391),
(17, 28, 1515, 415, 1413, 1847),
(17, 29, 1482, 204, 1203, 1515),
(17, 30, 1332, 198, 1282, 1936),
(17, 31, 1170, 361, 556, 1404),
(17, 32, 1258, 225, 994, 1434),
(17, 33, 1320, 328, 823, 1453),
(17, 34, 1457, 125, 654, 1576),
(17, 35, 1820, 481, 1591, 2017),
(17, 36, 2065, 295, 667, 2673),
(18, 25, 1000, 202, 1094, 1149),
(18, 26, 1161, 305, 1160, 1579),
(18, 27, 1346, 117, 827, 1822),
(18, 28, 1531, 345, 878, 1818),
(18, 29, 1452, 356, 1053, 1999),
(18, 30, 1316, 304, 1061, 1738),
(18, 31, 1174, 115, 887, 1732),
(18, 32, 1263, 99, 1336, 1783),
(18, 33, 1293, 101, 419, 1466),
(18, 34, 1526, 208, 834, 2187),
(18, 35, 1831, 229, 1211, 2319),
(18, 36, 2195, 435, 1242, 2263),
(19, 25, 1000, 295, 546, 1356),
(19, 26, 1196, 310, 878, 1419),
(19, 27, 1419, 129, 1321, 1936),
(19, 28, 1531, 395, 844, 1934),
(19, 29, 1440, 138, 671, 1760),
(19, 30, 1332, 380, 498, 1760),
(19, 31, 1212, 266, 1178, 1744),
(19, 32, 1245, 275, 1292, 1532),
(19, 33, 1307, 167, 488, 1748),
(19, 34, 1414, 363, 1207, 2114),
(19, 35, 1812, 505, 812, 2653),
(19, 36, 2016, 612, 1974, 2690),
(20, 25, 1000, 62, 852, 1279),
(20, 26, 1144, 321, 1169, 1595),
(20, 27, 1342, 399, 879, 1520),
(20, 28, 1553, 36, 1100, 2299),
(20, 29, 1480, 153, 707, 1485),
(20, 30, 1296, 164, 988, 1395),
(20, 31, 1205, 368, 578, 1653),
(20, 32, 1247, 280, 764, 1407),
(20, 33, 1298, 244, 677, 1333),
(20, 34, 1426, 353, 673, 1781),
(20, 35, 1806, 93, 891, 2105),
(20, 36, 2114, 203, 1591, 2283),
(21, 25, 1000, 305, 382, 1403),
(21, 26, 1122, 357, 1071, 1429),
(21, 27, 1374, 75, 1269, 1594),
(21, 28, 1556, 310, 1021, 2302),
(21, 29, 1450, 308, 1462, 2054),
(21, 30, 1308, 187, 491, 1498),
(21, 31, 1209, 71, 1148, 1784),
(21, 32, 1261, 184, 1164, 1817),
(21, 33, 1319, 305, 878, 1687),
(21, 34, 1436, 142, 1523, 1542),
(21, 35, 1703, 139, 1033, 1755),
(21, 36, 2182, 199, 763, 3126),
(22, 25, 1000, 190, 430, 1071),
(22, 26, 1110, 64, 888, 1171),
(22, 27, 1409, 422, 1141, 1498),
(22, 28, 1543, 161, 850, 1774),
(22, 29, 1433, 291, 1179, 1520),
(22, 30, 1335, 108, 752, 1809),
(22, 31, 1179, 89, 998, 1287),
(22, 32, 1229, 141, 790, 1712),
(22, 33, 1310, 34, 491, 1558),
(22, 34, 1421, 96, 634, 1801),
(22, 35, 1683, 404, 1357, 2136),
(22, 36, 2130, 163, 1689, 2222),
(23, 25, 1000, 243, 446, 1409),
(23, 26, 1107, 74, 387, 1569),
(23, 27, 1376, 255, 1255, 1867),
(23, 28, 1521, 159, 1233, 1574),
(23, 29, 1489, 367, 1516, 1641),
(23, 30, 1308, 391, 990, 1838),
(23, 31, 1177, 158, 506, 1437),
(23, 32, 1227, 67, 467, 1703),
(23, 33, 1298, 197, 405, 1660),
(23, 34, 1436, 393, 1318, 1766),
(23, 35, 1709, 504, 1627, 2244),
(23, 36, 2035, 67, 1850, 2798),
(24, 25, 1000, 160, 588, 1435),
(24, 26, 1196, 95, 853, 1259),
(24, 27, 1379, 272, 969, 2008),
(24, 28, 1552, 202, 1665, 1741),
(24, 29, 1483, 55, 824, 1841),
(24, 30, 1301, 97, 1120, 1745),
(24, 31, 1161, 280, 856, 1720),
(24, 32, 1228, 79, 985, 1699),
(24, 33, 1315, 234, 920, 1937),
(24, 34, 1486, 114, 1178, 1806),
(24, 35, 1722, 224, 1318, 1995),
(24, 36, 2082, 207, 724, 2387),
(25, 25, 1000, 88, 744, 1257),
(25, 26, 1101, 132, 852, 1483),
(25, 27, 1433, 452, 772, 2096),
(25, 28, 1561, 468, 1363, 1985),
(25, 29, 1458, 336, 1238, 2146),
(25, 30, 1289, 300, 678, 1345),
(25, 31, 1166, 177, 679, 1516),
(25, 32, 1233, 53, 1273, 1692),
(25, 33, 1293, 52, 926, 1888),
(25, 34, 1478, 76, 1454, 1750),
(25, 35, 1689, 194, 1470, 1756),
(25, 36, 2102, 215, 631, 2408),
(26, 25, 1000, 145, 990, 1109),
(26, 26, 1120, 110, 614, 1241),
(26, 27, 1387, 53, 1486, 1681),
(26, 28, 1526, 265, 1547, 1888),
(26, 29, 1482, 200, 1118, 1555),
(26, 30, 1293, 172, 556, 1337),
(26, 31, 1188, 285, 459, 1216),
(26, 32, 1256, 229, 432, 1275),
(26, 33, 1296, 219, 1373, 1304),
(26, 34, 1484, 416, 1135, 2203),
(26, 35, 1703, 469, 589, 2394),
(26, 36, 2162, 463, 1589, 2321),
(27, 25, 1000, 225, 737, 1150),
(27, 26, 1156, 187, 440, 1191),
(27, 27, 1366, 157, 1355, 1641),
(27, 28, 1530, 107, 485, 2164),
(27, 29, 1500, 425, 1064, 2202),
(27, 30, 1313, 379, 912, 1439),
(27, 31, 1171, 319, 1226, 1262),
(27, 32, 1266, 224, 571, 1393),
(27, 33, 1302, 62, 539, 1650),
(27, 34, 1471, 421, 612, 1523),
(27, 35, 1740, 119, 938, 2392),
(27, 36, 2074, 130, 718, 2629),
(28, 25, 1000, 89, 615, 1214),
(28, 26, 1141, 270, 1066, 1448),
(28, 27, 1327, 396, 1233, 1596),
(28, 28, 1518, 242, 1125, 1830),
(28, 29, 1486, 271, 918, 2110),
(28, 30, 1288, 147, 728, 1910),
(28, 31, 1158, 353, 780, 1336),
(28, 32, 1265, 329, 723, 1669),
(28, 33, 1320, 85, 709, 1502),
(28, 34, 1415, 176, 950, 1742),
(28, 35, 1723, 187, 1113, 2141),
(28, 36, 2028, 304, 1857, 2067),
(29, 25, 1000, 103, 740, 1367),
(29, 26, 1151, 54, 752, 1473),
(29, 27, 1361, 280, 1015, 1766),
(29, 28, 1524, 408, 1019, 1749),
(29, 29, 1442, 145, 1164, 1939),
(29, 30, 1319, 370, 1225, 1688),
(29, 31, 1214, 219, 393, 1658),
(29, 32, 1264, 53, 1178, 1882),
(29, 33, 1289, 319, 1276, 1739),
(29, 34, 1486, 284, 1563, 1897),
(29, 35, 1767, 344, 687, 2363),
(29, 36, 2168, 172, 1926, 2942),
(30, 25, 1000, 93, 577, 1272),
(30, 26, 1148, 239, 826, 1479),
(30, 27, 1426, 202, 1091, 1604),
(30, 28, 1581, 100, 897, 1994),
(30, 29, 1494, 257, 1556, 2137),
(30, 30, 1296, 65, 1044, 1774),
(30, 31, 1174, 370, 709, 1236),
(30, 32, 1214, 247, 368, 1404),
(30, 33, 1280, 66, 1283, 1439),
(30, 34, 1457, 333, 878, 1677),
(30, 35, 1819, 122, 921, 2517),
(30, 36, 2058, 475, 870, 3016),
(31, 25, 1000, 33, 1096, 1176),
(31, 26, 1144, 61, 812, 1695),
(31, 27, 1378, 202, 1049, 1903),
(31, 28, 1519, 384, 877, 2219),
(31, 29, 1504, 306, 457, 1744),
(31, 30, 1301, 312, 1413, 1844),
(31, 31, 1169, 314, 1192, 1296),
(31, 32, 1245, 379, 922, 1606),
(31, 33, 1307, 127, 447, 1467),
(31, 34, 1414, 214, 1115, 1760),
(31, 35, 1811, 263, 1843, 2456),
(31, 36, 2015, 506, 1656, 2106),
(32, 25, 1000, 202, 757, 1158),
(32, 26, 1141, 267, 1163, 1318),
(32, 27, 1326, 326, 1225, 1724),
(32, 28, 1584, 325, 733, 1640),
(32, 29, 1437, 389, 1210, 1833),
(32, 30, 1334, 154, 1228, 1699),
(32, 31, 1163, 55, 1137, 1211),
(32, 32, 1240, 211, 1274, 1716),
(32, 33, 1321, 115, 400, 1712),
(32, 34, 1472, 302, 785, 1955),
(32, 35, 1747, 253, 1150, 2189),
(32, 36, 2112, 188, 1249, 2704),
(33, 25, 1000, 289, 681, 1143),
(33, 26, 1131, 295, 601, 1553),
(33, 27, 1437, 168, 453, 2067),
(33, 28, 1579, 126, 761, 1690),
(33, 29, 1446, 43, 526, 1500),
(33, 30, 1290, 246, 1124, 1905),
(33, 31, 1200, 291, 680, 1524),
(33, 32, 1254, 400, 900, 1781),
(33, 33, 1320, 330, 1041, 1704),
(33, 34, 1490, 404, 1029, 1782),
(33, 35, 1712, 492, 1347, 1891),
(33, 36, 2191, 664, 1673, 3145),
(34, 25, 1000, 32, 356, 1365),
(34, 26, 1116, 148, 882, 1134),
(34, 27, 1430, 350, 1405, 2127),
(34, 28, 1520, 316, 976, 2108),
(34, 29, 1441, 412, 1099, 2123),
(34, 30, 1306, 240, 1028, 1575),
(34, 31, 1218, 51, 666, 1352),
(34, 32, 1269, 301, 1107, 1819),
(34, 33, 1331, 186, 1096, 1778),
(34, 34, 1503, 401, 601, 2072),
(34, 35, 1706, 504, 1413, 2362),
(34, 36, 2100, 120, 2190, 2706),
(35, 25, 1000, 279, 829, 1290),
(35, 26, 1179, 356, 843, 1275),
(35, 27, 1387, 74, 1093, 1441),
(35, 28, 1541, 370, 1073, 2232),
(35, 29, 1475, 181, 1205, 1663),
(35, 30, 1308, 224, 1171, 1688),
(35, 31, 1210, 204, 1120, 1295),
(35, 32, 1252, 389, 1054, 1853),
(35, 33, 1278, 162, 426, 1520),
(35, 34, 1446, 408, 638, 1456),
(35, 35, 1765, 194, 1598, 2589),
(35, 36, 2150, 607, 1084, 2821),
(36, 25, 1000, 163, 304, 1160),
(36, 26, 1199, 297, 611, 1637),
(36, 27, 1409, 180, 752, 1895),
(36, 28, 1566, 279, 1314, 1771),
(36, 29, 1465, 274, 1019, 1638),
(36, 30, 1337, 107, 885, 1602),
(36, 31, 1169, 141, 1076, 1328),
(36, 32, 1218, 52, 876, 1323),
(36, 33, 1284, 170, 685, 1312),
(36, 34, 1483, 315, 1497, 2004),
(36, 35, 1787, 80, 1333, 2131),
(36, 36, 2118, 354, 853, 2979),
(37, 25, 1000, 82, 1075, 1455),
(37, 26, 1172, 219, 780, 1238),
(37, 27, 1430, 96, 862, 2028),
(37, 28, 1541, 89, 1108, 2188),
(37, 29, 1486, 100, 1021, 2001),
(37, 30, 1355, 193, 1326, 1994),
(37, 31, 1200, 230, 1115, 1581),
(37, 32, 1240, 259, 760, 1456),
(37, 33, 1304, 194, 1011, 1849),
(37, 34, 1421, 141, 1334, 1516),
(37, 35, 1723, 50, 805, 1865),
(37, 36, 2185, 280, 1789, 2643),
(38, 25, 1000, 233, 794, 1300),
(38, 26, 1180, 189, 487, 1621),
(38, 27, 1343, 109, 1319, 1970),
(38, 28, 1552, 322, 1511, 1883),
(38, 29, 1486, 257, 1220, 1734),
(38, 30, 1321, 293, 1166, 1577),
(38, 31, 1176, 318, 1001, 1726),
(38, 32, 1266, 85, 645, 1593),
(38, 33, 1314, 137, 648, 1822),
(38, 34, 1473, 441, 939, 1708),
(38, 35, 1810, 478, 1102, 2060),
(38, 36, 2116, 215, 1757, 2562),
(39, 25, 1000, 297, 425, 1140),
(39, 26, 1121, 290, 1047, 1199),
(39, 27, 1364, 113, 950, 1945),
(39, 28, 1528, 333, 582, 2173),
(39, 29, 1427, 315, 450, 1901),
(39, 30, 1335, 173, 1244, 1860),
(39, 31, 1192, 318, 1211, 1752),
(39, 32, 1227, 29, 468, 1437),
(39, 33, 1275, 254, 1226, 1841),
(39, 34, 1453, 442, 1399, 1754),
(39, 35, 1679, 510, 1390, 2024),
(39, 36, 2152, 613, 2050, 3023),
(40, 25, 1000, 195, 379, 1407),
(40, 26, 1175, 116, 396, 1551),
(40, 27, 1377, 261, 1446, 1901),
(40, 28, 1521, 48, 1122, 2192),
(40, 29, 1489, 252, 1544, 1587),
(40, 30, 1311, 172, 1407, 1318),
(40, 31, 1187, 153, 423, 1576),
(40, 32, 1248, 289, 825, 1402),
(40, 33, 1314, 199, 440, 1490),
(40, 34, 1463, 62, 1451, 1899),
(40, 35, 1747, 66, 793, 1902),
(40, 36, 2151, 88, 1278, 2259),
(41, 25, 1000, 71, 509, 1485),
(41, 26, 1139, 244, 528, 1454),
(41, 27, 1403, 331, 685, 1999),
(41, 28, 1534, 333, 1155, 1988),
(41, 29, 1468, 87, 585, 1770),
(41, 30, 1325, 298, 1370, 1512),
(41, 31, 1175, 31, 558, 1279),
(41, 32, 1221, 45, 699, 1246),
(41, 33, 1320, 112, 446, 1763),
(41, 34, 1456, 429, 685, 1625),
(41, 35, 1808, 541, 1878, 1943),
(41, 36, 2181, 634, 2360, 2235),
(42, 25, 1000, 237, 395, 1399),
(42, 26, 1100, 319, 912, 1566),
(42, 27, 1355, 166, 1436, 1921),
(42, 28, 1545, 494, 1411, 2038),
(42, 29, 1474, 460, 1601, 1976),
(42, 30, 1313, 370, 1040, 1638),
(42, 31, 1170, 179, 470, 1424),
(42, 32, 1214, 244, 1131, 1628),
(42, 33, 1327, 296, 998, 1398),
(42, 34, 1449, 282, 968, 1803),
(42, 35, 1718, 488, 1342, 1824),
(42, 36, 2037, 441, 1636, 2189),
(43, 25, 1000, 211, 573, 1189),
(43, 26, 1185, 98, 1131, 1446),
(43, 27, 1426, 88, 503, 1477),
(43, 28, 1575, 63, 1578, 1604),
(43, 29, 1450, 427, 652, 2152),
(43, 30, 1294, 172, 703, 1767),
(43, 31, 1208, 73, 1290, 1661),
(43, 32, 1228, 225, 1238, 1569),
(43, 33, 1326, 151, 978, 1674),
(43, 34, 1477, 444, 535, 2188),
(43, 35, 1739, 420, 1566, 1948),
(43, 36, 2038, 585, 1458, 2354),
(44, 25, 1000, 89, 575, 1415),
(44, 26, 1148, 188, 492, 1276),
(44, 27, 1323, 307, 1215, 1733),
(44, 28, 1559, 77, 945, 1895),
(44, 29, 1488, 195, 1155, 1708),
(44, 30, 1346, 251, 1293, 1471),
(44, 31, 1159, 253, 669, 1183),
(44, 32, 1230, 263, 617, 1629),
(44, 33, 1320, 126, 630, 1397),
(44, 34, 1525, 173, 885, 2015),
(44, 35, 1765, 460, 652, 2523),
(44, 36, 2173, 94, 1321, 2576),
(45, 25, 1000, 314, 832, 1137),
(45, 26, 1164, 257, 504, 1316),
(45, 27, 1392, 196, 1353, 1726),
(45, 28, 1519, 34, 1306, 1989),
(45, 29, 1452, 391, 1574, 1927),
(45, 30, 1350, 79, 1268, 1632),
(45, 31, 1200, 78, 413, 1273),
(45, 32, 1229, 159, 1234, 1447),
(45, 33, 1311, 175, 637, 1581),
(45, 34, 1431, 372, 1028, 2142),
(45, 35, 1733, 482, 1793, 2370),
(45, 36, 2017, 584, 639, 2714),
(46, 25, 1000, 295, 582, 1127),
(46, 26, 1102, 314, 945, 1207),
(46, 27, 1329, 291, 856, 1460),
(46, 28, 1533, 340, 532, 1850),
(46, 29, 1488, 196, 452, 1843),
(46, 30, 1341, 368, 1308, 1436),
(46, 31, 1197, 66, 560, 1363),
(46, 32, 1220, 40, 871, 1808),
(46, 33, 1315, 366, 1398, 1962),
(46, 34, 1405, 105, 669, 1428),
(46, 35, 1700, 201, 836, 1880),
(46, 36, 2115, 100, 1544, 3127),
(47, 25, 1000, 161, 1075, 1075),
(47, 26, 1133, 51, 548, 1631),
(47, 27, 1322, 423, 655, 1949),
(47, 28, 1519, 372, 1104, 1600),
(47, 29, 1470, 361, 1538, 1973),
(47, 30, 1290, 221, 452, 1354),
(47, 31, 1205, 122, 861, 1475),
(47, 32, 1233, 334, 766, 1814),
(47, 33, 1282, 166, 850, 1518),
(47, 34, 1492, 176, 524, 1501),
(47, 35, 1700, 304, 1813, 2513),
(47, 36, 2109, 468, 1645, 2895),
(48, 25, 1000, 253, 400, 1429),
(48, 26, 1117, 310, 1071, 1146),
(48, 27, 1356, 418, 1214, 1823),
(48, 28, 1583, 141, 789, 1809),
(48, 29, 1502, 152, 462, 1773),
(48, 30, 1339, 295, 727, 1975),
(48, 31, 1219, 214, 842, 1626),
(48, 32, 1231, 242, 894, 1531),
(48, 33, 1315, 180, 603, 1599),
(48, 34, 1457, 109, 893, 1965),
(48, 35, 1709, 413, 1009, 1871),
(48, 36, 2129, 141, 1728, 3045),
(49, 25, 1000, 186, 388, 1365),
(49, 26, 1155, 126, 930, 1195),
(49, 27, 1423, 382, 1368, 1536),
(49, 28, 1557, 148, 766, 2014),
(49, 29, 1460, 365, 1279, 1795),
(49, 30, 1287, 56, 1290, 1629),
(49, 31, 1216, 60, 591, 1386),
(49, 32, 1232, 119, 889, 1729),
(49, 33, 1310, 409, 1377, 1438),
(49, 34, 1408, 76, 552, 1799),
(49, 35, 1754, 372, 1588, 1920),
(49, 36, 2062, 577, 1341, 2350),
(50, 25, 1000, 141, 1036, 1415),
(50, 26, 1182, 173, 624, 1366),
(50, 27, 1360, 395, 1130, 1403),
(50, 28, 1526, 138, 1025, 1822),
(50, 29, 1427, 232, 809, 1960),
(50, 30, 1330, 293, 690, 1711),
(50, 31, 1170, 346, 695, 1533),
(50, 32, 1257, 247, 394, 1501),
(50, 33, 1311, 99, 1423, 1360),
(50, 34, 1502, 103, 1482, 1661),
(50, 35, 1702, 162, 982, 2414),
(50, 36, 2075, 522, 879, 2640),
(51, 25, 1000, 51, 888, 1106),
(51, 26, 1120, 89, 526, 1360),
(51, 27, 1321, 299, 1301, 1653),
(51, 28, 1544, 423, 1260, 1724),
(51, 29, 1489, 102, 1227, 1977),
(51, 30, 1307, 133, 748, 1686),
(51, 31, 1171, 332, 1043, 1716),
(51, 32, 1255, 243, 1047, 1827),
(51, 33, 1303, 124, 521, 1803),
(51, 34, 1429, 252, 1137, 1502),
(51, 35, 1784, 491, 1568, 1970),
(51, 36, 2149, 490, 1952, 2938),
(52, 25, 1000, 294, 805, 1025),
(52, 26, 1162, 192, 1163, 1186),
(52, 27, 1429, 324, 983, 1473),
(52, 28, 1559, 491, 1460, 1702),
(52, 29, 1459, 403, 1049, 1994),
(52, 30, 1290, 150, 625, 1365),
(52, 31, 1168, 38, 896, 1391),
(52, 32, 1227, 117, 593, 1571),
(52, 33, 1329, 78, 816, 1766),
(52, 34, 1509, 431, 785, 1967),
(52, 35, 1760, 58, 809, 1814),
(52, 36, 2027, 382, 887, 2521),
(53, 25, 1000, 223, 509, 1126),
(53, 26, 1176, 271, 1098, 1644),
(53, 27, 1389, 225, 610, 1543),
(53, 28, 1555, 154, 1081, 2118),
(53, 29, 1486, 431, 1573, 2197),
(53, 30, 1324, 306, 670, 1729),
(53, 31, 1189, 317, 779, 1300),
(53, 32, 1268, 26, 835, 1332),
(53, 33, 1304, 237, 1340, 1920),
(53, 34, 1480, 337, 684, 1789),
(53, 35, 1775, 485, 936, 2001),
(53, 36, 2059, 130, 1958, 2078),
(54, 25, 1000, 75, 472, 1165),
(54, 26, 1134, 191, 914, 1472),
(54, 27, 1436, 423, 1029, 2145),
(54, 28, 1570, 75, 1356, 1688),
(54, 29, 1493, 353, 1597, 2083),
(54, 30, 1333, 156, 1143, 1666),
(54, 31, 1215, 191, 947, 1294),
(54, 32, 1234, 142, 1262, 1325),
(54, 33, 1320, 109, 1155, 1550),
(54, 34, 1490, 73, 1503, 1714),
(54, 35, 1715, 474, 890, 2105),
(54, 36, 2024, 639, 1754, 2404),
(55, 25, 1000, 129, 878, 1257),
(55, 26, 1156, 322, 795, 1411),
(55, 27, 1396, 118, 708, 1858),
(55, 28, 1548, 262, 1504, 2310),
(55, 29, 1458, 395, 928, 2144),
(55, 30, 1322, 299, 1015, 1819),
(55, 31, 1187, 353, 986, 1743),
(55, 32, 1220, 233, 915, 1479),
(55, 33, 1284, 52, 1229, 1487),
(55, 34, 1466, 308, 934, 1688),
(55, 35, 1691, 525, 1373, 2172),
(55, 36, 2162, 651, 2268, 3172),
(56, 25, 1000, 255, 910, 1483),
(56, 26, 1180, 61, 359, 1196),
(56, 27, 1390, 101, 1236, 1557),
(56, 28, 1549, 292, 1291, 1641),
(56, 29, 1438, 149, 574, 2066),
(56, 30, 1310, 307, 1044, 1317),
(56, 31, 1177, 281, 1045, 1430),
(56, 32, 1233, 211, 1169, 1308),
(56, 33, 1328, 158, 1296, 1540),
(56, 34, 1457, 92, 1364, 1627),
(56, 35, 1757, 421, 1148, 1937),
(56, 36, 2052, 178, 1965, 2386),
(57, 25, 1000, 296, 929, 1006),
(57, 26, 1149, 342, 772, 1195),
(57, 27, 1418, 400, 1520, 1680),
(57, 28, 1558, 309, 1004, 2031),
(57, 29, 1446, 179, 732, 2115),
(57, 30, 1300, 395, 1427, 1826),
(57, 31, 1179, 270, 553, 1335),
(57, 32, 1257, 268, 442, 1822),
(57, 33, 1278, 76, 1087, 1726),
(57, 34, 1412, 337, 704, 1984),
(57, 35, 1712, 160, 754, 2522),
(57, 36, 2158, 71, 879, 2483),
(58, 25, 1000, 163, 415, 1334),
(58, 26, 1127, 108, 622, 1372),
(58, 27, 1320, 360, 549, 1431),
(58, 28, 1527, 235, 1411, 1936),
(58, 29, 1503, 346, 1009, 1633),
(58, 30, 1320, 94, 1432, 1491),
(58, 31, 1197, 295, 851, 1662),
(58, 32, 1227, 119, 980, 1295),
(58, 33, 1291, 35, 985, 1433),
(58, 34, 1488, 186, 472, 2060),
(58, 35, 1771, 395, 1057, 1936),
(58, 36, 2183, 262, 2035, 2862),
(59, 25, 1000, 211, 971, 1277),
(59, 26, 1179, 91, 1129, 1710),
(59, 27, 1342, 40, 1039, 1905),
(59, 28, 1551, 309, 1082, 1937),
(59, 29, 1491, 429, 1294, 2215),
(59, 30, 1338, 293, 461, 1579),
(59, 31, 1177, 250, 494, 1702),
(59, 32, 1245, 108, 951, 1478),
(59, 33, 1328, 99, 878, 1460),
(59, 34, 1509, 140, 1080, 2164),
(59, 35, 1761, 389, 869, 2418),
(59, 36, 2037, 418, 1671, 2164),
(60, 25, 1000, 44, 722, 1193),
(60, 26, 1101, 202, 934, 1408),
(60, 27, 1402, 230, 1370, 1844),
(60, 28, 1539, 386, 678, 1906),
(60, 29, 1438, 203, 821, 1795),
(60, 30, 1347, 316, 581, 1382),
(60, 31, 1155, 150, 1093, 1599),
(60, 32, 1248, 282, 917, 1676),
(60, 33, 1282, 153, 688, 1362),
(60, 34, 1510, 300, 1479, 1938),
(60, 35, 1818, 572, 1068, 2235),
(60, 36, 2186, 124, 1090, 2834),
(61, 25, 1000, 220, 431, 1294),
(61, 26, 1197, 373, 428, 1295),
(61, 27, 1324, 367, 1317, 1362),
(61, 28, 1530, 198, 617, 2134),
(61, 29, 1494, 145, 492, 2077),
(61, 30, 1286, 97, 1208, 1627),
(61, 31, 1194, 80, 1203, 1378),
(61, 32, 1215, 109, 390, 1793),
(61, 33, 1282, 290, 874, 1817),
(61, 34, 1471, 355, 801, 1704),
(61, 35, 1737, 362, 656, 1807),
(61, 36, 2052, 614, 1547, 2519),
(62, 25, 1000, 250, 737, 1016),
(62, 26, 1189, 39, 386, 1661),
(62, 27, 1420, 419, 1012, 2041),
(62, 28, 1546, 240, 1066, 2311),
(62, 29, 1434, 247, 1445, 1668),
(62, 30, 1354, 102, 1450, 1803),
(62, 31, 1192, 167, 515, 1393),
(62, 32, 1214, 186, 1271, 1635),
(62, 33, 1329, 34, 585, 1633),
(62, 34, 1467, 366, 528, 1617),
(62, 35, 1811, 452, 1773, 2400),
(62, 36, 2153, 386, 679, 2840),
(63, 25, 1000, 129, 739, 1120),
(63, 26, 1118, 95, 951, 1278),
(63, 27, 1395, 446, 1302, 1893),
(63, 28, 1554, 189, 1581, 2106),
(63, 29, 1501, 347, 579, 1810),
(63, 30, 1320, 225, 1290, 1929),
(63, 31, 1202, 168, 1237, 1432),
(63, 32, 1263, 212, 394, 1353),
(63, 33, 1312, 131, 752, 1682),
(63, 34, 1474, 406, 1225, 1763),
(63, 35, 1830, 286, 978, 2076),
(63, 36, 2048, 485, 1394, 2220),
(64, 25, 1000, 95, 698, 1016),
(64, 26, 1195, 55, 419, 1587),
(64, 27, 1343, 302, 1285, 1468),
(64, 28, 1519, 100, 1568, 2249),
(64, 29, 1431, 337, 561, 1609),
(64, 30, 1329, 78, 1279, 1570),
(64, 31, 1219, 205, 1141, 1257),
(64, 32, 1266, 58, 877, 1410),
(64, 33, 1315, 399, 468, 1937),
(64, 34, 1486, 236, 1488, 1524),
(64, 35, 1725, 285, 759, 2082),
(64, 36, 2101, 61, 1039, 3067),
(65, 25, 1000, 229, 854, 1178),
(65, 26, 1147, 159, 1016, 1159),
(65, 27, 1430, 411, 1097, 1458),
(65, 28, 1526, 155, 1338, 1624),
(65, 29, 1490, 334, 1466, 1883),
(65, 30, 1328, 261, 516, 1494),
(65, 31, 1200, 348, 1310, 1601),
(65, 32, 1234, 297, 979, 1598),
(65, 33, 1275, 400, 497, 1880),
(65, 34, 1400, 316, 1219, 2083),
(65, 35, 1820, 307, 880, 1846),
(65, 36, 2126, 310, 649, 2356),
(66, 25, 1000, 203, 575, 1498),
(66, 26, 1128, 292, 970, 1317),
(66, 27, 1388, 89, 939, 1862),
(66, 28, 1584, 199, 794, 1912),
(66, 29, 1484, 170, 1449, 1497),
(66, 30, 1329, 233, 902, 1892),
(66, 31, 1155, 246, 1115, 1261),
(66, 32, 1263, 277, 1126, 1500),
(66, 33, 1299, 178, 598, 1510),
(66, 34, 1464, 452, 1355, 1830),
(66, 35, 1719, 364, 943, 2168),
(66, 36, 2158, 241, 1007, 2280),
(67, 25, 1000, 204, 386, 1499),
(67, 26, 1114, 71, 1148, 1476),
(67, 27, 1361, 390, 672, 1534),
(67, 28, 1532, 35, 1040, 1778),
(67, 29, 1473, 198, 1197, 2094),
(67, 30, 1344, 380, 1245, 1514),
(67, 31, 1185, 109, 1298, 1621),
(67, 32, 1222, 235, 972, 1786),
(67, 33, 1293, 85, 506, 1556),
(67, 34, 1418, 45, 1236, 1604),
(67, 35, 1788, 432, 864, 1873),
(67, 36, 2039, 393, 617, 2739),
(68, 25, 1000, 218, 562, 1074),
(68, 26, 1153, 223, 927, 1544),
(68, 27, 1351, 393, 585, 1992),
(68, 28, 1562, 397, 1647, 2115),
(68, 29, 1449, 116, 684, 1952),
(68, 30, 1326, 286, 659, 1555),
(68, 31, 1158, 255, 891, 1531),
(68, 32, 1240, 166, 565, 1354),
(68, 33, 1310, 376, 615, 1958),
(68, 34, 1474, 166, 1001, 1766),
(68, 35, 1694, 481, 1506, 1702),
(68, 36, 2151, 346, 1094, 3074),
(69, 25, 1000, 233, 374, 1132),
(69, 26, 1143, 72, 967, 1568),
(69, 27, 1429, 279, 581, 2092),
(69, 28, 1529, 254, 1218, 1843),
(69, 29, 1466, 333, 1265, 1664),
(69, 30, 1304, 411, 1077, 1381),
(69, 31, 1211, 332, 532, 1682),
(69, 32, 1237, 133, 1259, 1569),
(69, 33, 1322, 390, 1418, 1554),
(69, 34, 1495, 345, 611, 1604),
(69, 35, 1728, 434, 1602, 2311),
(69, 36, 2082, 502, 1473, 3056),
(70, 25, 1000, 134, 458, 1327),
(70, 26, 1188, 267, 790, 1463),
(70, 27, 1356, 139, 1155, 1593),
(70, 28, 1574, 186, 574, 1859),
(70, 29, 1474, 390, 838, 2036),
(70, 30, 1328, 64, 860, 1809),
(70, 31, 1172, 31, 508, 1370),
(70, 32, 1241, 332, 899, 1561),
(70, 33, 1293, 48, 544, 1658),
(70, 34, 1417, 376, 613, 1611),
(70, 35, 1788, 525, 1071, 2392),
(70, 36, 2045, 106, 1221, 2615),
(71, 25, 1000, 259, 889, 1380),
(71, 26, 1169, 258, 879, 1242),
(71, 27, 1432, 439, 1138, 1678),
(71, 28, 1556, 388, 960, 1827),
(71, 29, 1484, 457, 593, 2009),
(71, 30, 1320, 228, 857, 1646),
(71, 31, 1178, 258, 1114, 1382),
(71, 32, 1252, 319, 1105, 1406),
(71, 33, 1311, 393, 622, 1440),
(71, 34, 1406, 159, 1442, 1577),
(71, 35, 1735, 427, 1742, 2277),
(71, 36, 2140, 583, 1807, 2565),
(72, 25, 1000, 303, 909, 1055),
(72, 26, 1133, 88, 1031, 1338),
(72, 27, 1390, 81, 1006, 1721),
(72, 28, 1579, 60, 930, 1815),
(72, 29, 1435, 426, 680, 1482),
(72, 30, 1309, 197, 396, 1590),
(72, 31, 1184, 168, 698, 1745),
(72, 32, 1259, 299, 1187, 1543),
(72, 33, 1299, 183, 1355, 1566),
(72, 34, 1492, 409, 727, 2015),
(72, 35, 1730, 47, 1049, 1967),
(72, 36, 2103, 408, 991, 2383),
(73, 25, 1000, 268, 1037, 1255),
(73, 26, 1143, 160, 1223, 1572),
(73, 27, 1402, 243, 474, 1561),
(73, 28, 1522, 196, 886, 2191),
(73, 29, 1452, 151, 1155, 1971),
(73, 30, 1290, 146, 428, 1896),
(73, 31, 1184, 278, 678, 1511),
(73, 32, 1268, 269, 973, 1868),
(73, 33, 1288, 48, 1313, 1333),
(73, 34, 1443, 188, 1291, 1811),
(73, 35, 1825, 398, 577, 2135),
(73, 36, 2153, 175, 2145, 2338),
(74, 25, 1000, 32, 533, 1420),
(74, 26, 1193, 233, 1166, 1600),
(74, 27, 1364, 354, 801, 1975),
(74, 28, 1514, 138, 761, 1837),
(74, 29, 1499, 388, 676, 1837),
(74, 30, 1336, 134, 599, 1984),
(74, 31, 1212, 368, 712, 1516),
(74, 32, 1253, 374, 619, 1625),
(74, 33, 1288, 338, 526, 1588),
(74, 34, 1414, 134, 1496, 1803),
(74, 35, 1807, 481, 1019, 2125),
(74, 36, 2170, 278, 2055, 2288),
(75, 25, 1000, 121, 342, 1243),
(75, 26, 1173, 238, 1139, 1236),
(75, 27, 1334, 39, 439, 1387),
(75, 28, 1539, 181, 1279, 1597),
(75, 29, 1463, 263, 687, 1562),
(75, 30, 1317, 300, 467, 1616),
(75, 31, 1216, 338, 1052, 1739),
(75, 32, 1248, 111, 699, 1834),
(75, 33, 1333, 251, 939, 1409),
(75, 34, 1414, 78, 1049, 1947),
(75, 35, 1771, 514, 881, 2149),
(75, 36, 2135, 142, 1625, 3068),
(76, 25, 1000, 41, 413, 1044),
(76, 26, 1148, 331, 1240, 1619),
(76, 27, 1372, 131, 908, 1949),
(76, 28, 1564, 304, 892, 2144),
(76, 29, 1481, 98, 840, 1616),
(76, 30, 1332, 35, 1095, 1790),
(76, 31, 1172, 251, 599, 1696),
(76, 32, 1251, 89, 738, 1504),
(76, 33, 1285, 377, 406, 1504),
(76, 34, 1522, 53, 471, 1896),
(76, 35, 1711, 295, 515, 2083),
(76, 36, 2046, 285, 2200, 2760),
(77, 25, 1000, 158, 974, 1093),
(77, 26, 1123, 59, 609, 1593),
(77, 27, 1394, 95, 1519, 1828),
(77, 28, 1541, 253, 494, 2008),
(77, 29, 1489, 441, 648, 1610),
(77, 30, 1302, 88, 1189, 1951),
(77, 31, 1212, 36, 681, 1510),
(77, 32, 1232, 278, 702, 1522),
(77, 33, 1298, 155, 1118, 1867),
(77, 34, 1407, 283, 982, 2092),
(77, 35, 1682, 43, 1020, 1882),
(77, 36, 2185, 231, 1393, 2475),
(78, 25, 1000, 132, 1069, 1308),
(78, 26, 1160, 26, 849, 1324),
(78, 27, 1342, 398, 1277, 1720),
(78, 28, 1522, 296, 1008, 2258),
(78, 29, 1494, 96, 1430, 1606),
(78, 30, 1337, 425, 1202, 1904),
(78, 31, 1165, 205, 609, 1626),
(78, 32, 1236, 253, 516, 1490),
(78, 33, 1310, 231, 1333, 1757),
(78, 34, 1505, 371, 507, 1638),
(78, 35, 1723, 144, 1261, 2442),
(78, 36, 2192, 566, 1641, 2900),
(79, 25, 1000, 122, 448, 1363),
(79, 26, 1198, 136, 593, 1614),
(79, 27, 1438, 261, 1192, 1651),
(79, 28, 1582, 391, 1205, 1893),
(79, 29, 1434, 102, 1463, 1491),
(79, 30, 1314, 257, 1204, 1457),
(79, 31, 1207, 174, 508, 1719),
(79, 32, 1222, 140, 803, 1584),
(79, 33, 1295, 154, 1192, 1564),
(79, 34, 1440, 334, 1054, 1657),
(79, 35, 1753, 319, 1048, 1978),
(79, 36, 2098, 408, 1035, 2499),
(80, 25, 1000, 106, 372, 1070),
(80, 26, 1185, 270, 1046, 1512),
(80, 27, 1423, 286, 849, 1666),
(80, 28, 1566, 470, 1306, 1605),
(80, 29, 1490, 416, 716, 1660),
(80, 30, 1307, 227, 523, 1954),
(80, 31, 1170, 364, 1239, 1323),
(80, 32, 1260, 147, 750, 1476),
(80, 33, 1325, 302, 1457, 1940),
(80, 34, 1504, 258, 1522, 1967),
(80, 35, 1757, 267, 1162, 2012),
(80, 36, 2035, 460, 1568, 2649),
(81, 25, 1000, 55, 769, 1074),
(81, 26, 1102, 192, 477, 1615),
(81, 27, 1414, 125, 508, 1563),
(81, 28, 1572, 311, 1566, 1775),
(81, 29, 1442, 152, 582, 1918),
(81, 30, 1318, 280, 436, 1664),
(81, 31, 1209, 153, 1137, 1599),
(81, 32, 1225, 336, 1239, 1624),
(81, 33, 1316, 96, 442, 1526),
(81, 34, 1515, 186, 1130, 2001),
(81, 35, 1735, 126, 1424, 1954),
(81, 36, 2037, 564, 1560, 2379);

--
-- Dökümü yapılmış tablolar için kısıtlamalar
--

--
-- Tablo kısıtlamaları `sehirler`
--
ALTER TABLE `sehirler`
  ADD CONSTRAINT `sehirler_ibfk_1` FOREIGN KEY (`bolge_id`) REFERENCES `bolgeler` (`bolge_id`);

--
-- Tablo kısıtlamaları `vakalar`
--
ALTER TABLE `vakalar`
  ADD CONSTRAINT `fk_vakalar_sehirler` FOREIGN KEY (`il_id`) REFERENCES `sehirler` (`il_id`),
  ADD CONSTRAINT `fk_vakalar_tarih` FOREIGN KEY (`tarih_id`) REFERENCES `tarih` (`tarih_id`),
  ADD CONSTRAINT `vakalar_ibfk_1` FOREIGN KEY (`il_id`) REFERENCES `sehirler` (`il_id`),
  ADD CONSTRAINT `vakalar_ibfk_2` FOREIGN KEY (`tarih_id`) REFERENCES `tarih` (`tarih_id`);
COMMIT;

/*!40101 SET CHARACTER_SET_CLIENT=@OLD_CHARACTER_SET_CLIENT */;
/*!40101 SET CHARACTER_SET_RESULTS=@OLD_CHARACTER_SET_RESULTS */;
/*!40101 SET COLLATION_CONNECTION=@OLD_COLLATION_CONNECTION */;
